{
    "std": [
        "std",
        "reYIK",
        "module",
        1
    ],
    "apc3d01": [
        "apc3d01",
        "we1V9",
        "module",
        2
    ],
    "apv0a": [
        "apv0a",
        "TE7u5",
        "module",
        3
    ],
    "apv0i": [
        "apv0i",
        "AJ1Ht",
        "module",
        4
    ],
    "apvda": [
        "apvda",
        "a7Q2E",
        "module",
        5
    ],
    "apvdi": [
        "apvdi",
        "s4Tj0",
        "module",
        6
    ],
    "pc3b01d": [
        "pc3b01d",
        "UTkFA",
        "module",
        7
    ],
    "pc3b01u": [
        "pc3b01u",
        "Jcufw",
        "module",
        8
    ],
    "pc3b01": [
        "pc3b01",
        "YuQj8",
        "module",
        9
    ],
    "pc3b02d": [
        "pc3b02d",
        "giDy9",
        "module",
        10
    ],
    "pc3b02u": [
        "pc3b02u",
        "ebjQc",
        "module",
        11
    ],
    "pc3b02": [
        "pc3b02",
        "HZs62",
        "module",
        12
    ],
    "pc3b03d": [
        "pc3b03d",
        "taYHV",
        "module",
        13
    ],
    "pc3b03ed": [
        "pc3b03ed",
        "ENKWC",
        "module",
        14
    ],
    "pc3b03u": [
        "pc3b03u",
        "zPudg",
        "module",
        15
    ],
    "pc3b03": [
        "pc3b03",
        "WnuiG",
        "module",
        16
    ],
    "pc3b04d": [
        "pc3b04d",
        "amyWJ",
        "module",
        17
    ],
    "pc3b04u": [
        "pc3b04u",
        "SYHmg",
        "module",
        18
    ],
    "pc3b04": [
        "pc3b04",
        "G4wN6",
        "module",
        19
    ],
    "pc3b05d": [
        "pc3b05d",
        "cHbyk",
        "module",
        20
    ],
    "pc3b05u": [
        "pc3b05u",
        "gtDQK",
        "module",
        21
    ],
    "pc3b05": [
        "pc3b05",
        "LDpVf",
        "module",
        22
    ],
    "pc3b21eu": [
        "pc3b21eu",
        "EadY5",
        "module",
        23
    ],
    "pc3b25eu": [
        "pc3b25eu",
        "NDULY",
        "module",
        24
    ],
    "pc3c01": [
        "pc3c01",
        "mDNzu",
        "module",
        25
    ],
    "pc3c02": [
        "pc3c02",
        "tCyTQ",
        "module",
        26
    ],
    "pc3c03": [
        "pc3c03",
        "j1aPs",
        "module",
        27
    ],
    "pc3c04": [
        "pc3c04",
        "qDkGD",
        "module",
        28
    ],
    "pc3d00": [
        "pc3d00",
        "eu4CN",
        "module",
        29
    ],
    "pc3d01d": [
        "pc3d01d",
        "wipeD",
        "module",
        30
    ],
    "pc3d01u": [
        "pc3d01u",
        "TgcKJ",
        "module",
        31
    ],
    "pc3d11d": [
        "pc3d11d",
        "LNQmK",
        "module",
        32
    ],
    "pc3d11u": [
        "pc3d11u",
        "RWBky",
        "module",
        33
    ],
    "pc3d11": [
        "pc3d11",
        "WEwFQ",
        "module",
        34
    ],
    "pc3d21d": [
        "pc3d21d",
        "q97eS",
        "module",
        35
    ],
    "pc3d21eu": [
        "pc3d21eu",
        "Z6YD7",
        "module",
        36
    ],
    "pc3d21u": [
        "pc3d21u",
        "ECUgu",
        "module",
        37
    ],
    "pc3d21": [
        "pc3d21",
        "ZqZQf",
        "module",
        38
    ],
    "pc3d31d": [
        "pc3d31d",
        "t10v9",
        "module",
        39
    ],
    "pc3d31u": [
        "pc3d31u",
        "Jjh3P",
        "module",
        40
    ],
    "pc3d31": [
        "pc3d31",
        "rvJSh",
        "module",
        41
    ],
    "pc3o01hv": [
        "pc3o01hv",
        "yzZ47",
        "module",
        42
    ],
    "pc3o02": [
        "pc3o02",
        "ctf7L",
        "module",
        43
    ],
    "pc3o03": [
        "pc3o03",
        "aCb9k",
        "module",
        44
    ],
    "pc3o04": [
        "pc3o04",
        "wm1Cb",
        "module",
        45
    ],
    "pc3o05": [
        "pc3o05",
        "Nq4Nj",
        "module",
        46
    ],
    "pc3t01d": [
        "pc3t01d",
        "wMkst",
        "module",
        47
    ],
    "pc3t01u": [
        "pc3t01u",
        "xVY3f",
        "module",
        48
    ],
    "pc3t01": [
        "pc3t01",
        "e4su4",
        "module",
        49
    ],
    "pc3t02d": [
        "pc3t02d",
        "QW5Nx",
        "module",
        50
    ],
    "pc3t02u": [
        "pc3t02u",
        "CwN1B",
        "module",
        51
    ],
    "pc3t02": [
        "pc3t02",
        "ij6GT",
        "module",
        52
    ],
    "pc3t03d": [
        "pc3t03d",
        "MC5JI",
        "module",
        53
    ],
    "pc3t03u": [
        "pc3t03u",
        "UaDPa",
        "module",
        54
    ],
    "pc3t03": [
        "pc3t03",
        "mDebr",
        "module",
        55
    ],
    "pc3t04d": [
        "pc3t04d",
        "aeP2a",
        "module",
        56
    ],
    "pc3t04u": [
        "pc3t04u",
        "FxjDg",
        "module",
        57
    ],
    "pc3t04": [
        "pc3t04",
        "v0437",
        "module",
        58
    ],
    "pc3t05d": [
        "pc3t05d",
        "RC4KK",
        "module",
        59
    ],
    "pc3t05u": [
        "pc3t05u",
        "I2GGm",
        "module",
        60
    ],
    "pc3t05": [
        "pc3t05",
        "M69Yv",
        "module",
        61
    ],
    "pc3x11": [
        "pc3x11",
        "hpmP5",
        "module",
        62
    ],
    "pc3x12": [
        "pc3x12",
        "EEYmQ",
        "module",
        63
    ],
    "pc3x13": [
        "pc3x13",
        "nYIPw",
        "module",
        64
    ],
    "pt3b01d": [
        "pt3b01d",
        "sudqb",
        "module",
        65
    ],
    "pt3b01u": [
        "pt3b01u",
        "efMG1",
        "module",
        66
    ],
    "pt3b01": [
        "pt3b01",
        "QqZMH",
        "module",
        67
    ],
    "pt3b02d": [
        "pt3b02d",
        "vL3n3",
        "module",
        68
    ],
    "pt3b02u": [
        "pt3b02u",
        "cbrMh",
        "module",
        69
    ],
    "pt3b02": [
        "pt3b02",
        "twshI",
        "module",
        70
    ],
    "pt3b03d": [
        "pt3b03d",
        "hGgUi",
        "module",
        71
    ],
    "pt3b03u": [
        "pt3b03u",
        "kzHFq",
        "module",
        72
    ],
    "pt3b03": [
        "pt3b03",
        "j2Gd1",
        "module",
        73
    ],
    "pt3o01": [
        "pt3o01",
        "mjawY",
        "module",
        74
    ],
    "pt3o02": [
        "pt3o02",
        "ygyZK",
        "module",
        75
    ],
    "pt3o03": [
        "pt3o03",
        "ZvKCt",
        "module",
        76
    ],
    "pt3t01d": [
        "pt3t01d",
        "yLAs2",
        "module",
        77
    ],
    "pt3t01u": [
        "pt3t01u",
        "eFdVq",
        "module",
        78
    ],
    "pt3t01": [
        "pt3t01",
        "sShZh",
        "module",
        79
    ],
    "pt3t02d": [
        "pt3t02d",
        "xVFmW",
        "module",
        80
    ],
    "pt3t02u": [
        "pt3t02u",
        "HrdyV",
        "module",
        81
    ],
    "pt3t02": [
        "pt3t02",
        "JFRw4",
        "module",
        82
    ],
    "pt3t03d": [
        "pt3t03d",
        "wZKsN",
        "module",
        83
    ],
    "pt3t03u": [
        "pt3t03u",
        "gYgIf",
        "module",
        84
    ],
    "pt3t03": [
        "pt3t03",
        "kfh9G",
        "module",
        85
    ],
    "pv0c": [
        "pv0c",
        "a4M4R",
        "module",
        86
    ],
    "pv0f": [
        "pv0f",
        "tI4jL",
        "module",
        87
    ],
    "pvdc": [
        "pvdc",
        "nnvQn",
        "module",
        88
    ],
    "pc3b03ed_wrapper": [
        "pc3b03ed_wrapper",
        "uChK7",
        "module",
        89
    ],
    "digital_pll": [
        "digital_pll",
        "rcLFH",
        "module",
        90
    ],
    "ad01d0": [
        "ad01d0",
        "R3BRn",
        "module",
        91
    ],
    "ad01d1": [
        "ad01d1",
        "RvV7K",
        "module",
        92
    ],
    "ad01d2": [
        "ad01d2",
        "zqEsH",
        "module",
        93
    ],
    "ad01d4": [
        "ad01d4",
        "AfzF4",
        "module",
        94
    ],
    "adp1d0": [
        "adp1d0",
        "UY6aj",
        "module",
        95
    ],
    "adp1d1": [
        "adp1d1",
        "m51qb",
        "module",
        96
    ],
    "adp1d2": [
        "adp1d2",
        "Z7dWw",
        "module",
        97
    ],
    "adp1d4": [
        "adp1d4",
        "EiTvA",
        "module",
        98
    ],
    "ah01d0": [
        "ah01d0",
        "BdvVx",
        "module",
        99
    ],
    "ah01d1": [
        "ah01d1",
        "cBS0Q",
        "module",
        100
    ],
    "ah01d2": [
        "ah01d2",
        "MLrTS",
        "module",
        101
    ],
    "ah01d4": [
        "ah01d4",
        "I2vg5",
        "module",
        102
    ],
    "an02d0": [
        "an02d0",
        "Ab7k5",
        "module",
        103
    ],
    "an02d1": [
        "an02d1",
        "vQN1N",
        "module",
        104
    ],
    "an02d2": [
        "an02d2",
        "HAFIc",
        "module",
        105
    ],
    "an02d4": [
        "an02d4",
        "x2Drx",
        "module",
        106
    ],
    "an02d7": [
        "an02d7",
        "G4aDw",
        "module",
        107
    ],
    "an02da": [
        "an02da",
        "GrT17",
        "module",
        108
    ],
    "an03d0": [
        "an03d0",
        "wNaHP",
        "module",
        109
    ],
    "an03d1": [
        "an03d1",
        "mvwts",
        "module",
        110
    ],
    "an03d2": [
        "an03d2",
        "APjpG",
        "module",
        111
    ],
    "an03d4": [
        "an03d4",
        "inJRn",
        "module",
        112
    ],
    "an03d7": [
        "an03d7",
        "C6NLI",
        "module",
        113
    ],
    "an03da": [
        "an03da",
        "fywst",
        "module",
        114
    ],
    "an04d0": [
        "an04d0",
        "mRyEi",
        "module",
        115
    ],
    "an04d1": [
        "an04d1",
        "rp8SS",
        "module",
        116
    ],
    "an04d2": [
        "an04d2",
        "mUdzk",
        "module",
        117
    ],
    "an04d4": [
        "an04d4",
        "UFb8M",
        "module",
        118
    ],
    "an04d7": [
        "an04d7",
        "DPx6L",
        "module",
        119
    ],
    "an04da": [
        "an04da",
        "T9j3t",
        "module",
        120
    ],
    "an12d1": [
        "an12d1",
        "dtECJ",
        "module",
        121
    ],
    "an12d2": [
        "an12d2",
        "PsAg1",
        "module",
        122
    ],
    "an12d4": [
        "an12d4",
        "cUL1E",
        "module",
        123
    ],
    "aoi211d1": [
        "aoi211d1",
        "fi2AP",
        "module",
        124
    ],
    "aoi211d2": [
        "aoi211d2",
        "YDYrd",
        "module",
        125
    ],
    "aoi211d4": [
        "aoi211d4",
        "RZ37M",
        "module",
        126
    ],
    "aoi21d1": [
        "aoi21d1",
        "U7dig",
        "module",
        127
    ],
    "aoi21d2": [
        "aoi21d2",
        "KYWV5",
        "module",
        128
    ],
    "aoi21d4": [
        "aoi21d4",
        "EQsV5",
        "module",
        129
    ],
    "aoi221d1": [
        "aoi221d1",
        "mBxv8",
        "module",
        130
    ],
    "aoi221d2": [
        "aoi221d2",
        "dRDC0",
        "module",
        131
    ],
    "aoi221d4": [
        "aoi221d4",
        "ZyU3U",
        "module",
        132
    ],
    "aoi2222d1": [
        "aoi2222d1",
        "bvth3",
        "module",
        133
    ],
    "aoi2222d2": [
        "aoi2222d2",
        "dBaWJ",
        "module",
        134
    ],
    "aoi2222d4": [
        "aoi2222d4",
        "cvfQr",
        "module",
        135
    ],
    "aoi222d1": [
        "aoi222d1",
        "WM9KA",
        "module",
        136
    ],
    "aoi222d2": [
        "aoi222d2",
        "YLVJu",
        "module",
        137
    ],
    "aoi222d4": [
        "aoi222d4",
        "xE6Jg",
        "module",
        138
    ],
    "aoi22d1": [
        "aoi22d1",
        "Y4S1L",
        "module",
        139
    ],
    "aoi22d2": [
        "aoi22d2",
        "dIYxI",
        "module",
        140
    ],
    "aoi22d4": [
        "aoi22d4",
        "rsaLT",
        "module",
        141
    ],
    "aoi311d1": [
        "aoi311d1",
        "MFqx9",
        "module",
        142
    ],
    "aoi311d2": [
        "aoi311d2",
        "Pti8F",
        "module",
        143
    ],
    "aoi311d4": [
        "aoi311d4",
        "pEVS4",
        "module",
        144
    ],
    "aoi31d1": [
        "aoi31d1",
        "jIucA",
        "module",
        145
    ],
    "aoi31d2": [
        "aoi31d2",
        "KIBww",
        "module",
        146
    ],
    "aoi31d4": [
        "aoi31d4",
        "jap9k",
        "module",
        147
    ],
    "aoi321d1": [
        "aoi321d1",
        "I7BhM",
        "module",
        148
    ],
    "aoi321d2": [
        "aoi321d2",
        "yDiE8",
        "module",
        149
    ],
    "aoi321d4": [
        "aoi321d4",
        "cfM04",
        "module",
        150
    ],
    "aoi322d1": [
        "aoi322d1",
        "WT19N",
        "module",
        151
    ],
    "aoi322d2": [
        "aoi322d2",
        "GcjIF",
        "module",
        152
    ],
    "aoi322d4": [
        "aoi322d4",
        "p8j6R",
        "module",
        153
    ],
    "aoim211d1": [
        "aoim211d1",
        "bKMgM",
        "module",
        154
    ],
    "aoim211d2": [
        "aoim211d2",
        "Qp6RS",
        "module",
        155
    ],
    "aoim211d4": [
        "aoim211d4",
        "je75T",
        "module",
        156
    ],
    "aoim21d1": [
        "aoim21d1",
        "Dh3TD",
        "module",
        157
    ],
    "aoim21d2": [
        "aoim21d2",
        "xzSka",
        "module",
        158
    ],
    "aoim21d4": [
        "aoim21d4",
        "JR6i8",
        "module",
        159
    ],
    "aoim22d1": [
        "aoim22d1",
        "mfKk4",
        "module",
        160
    ],
    "aoim22d2": [
        "aoim22d2",
        "t9TyM",
        "module",
        161
    ],
    "aoim22d4": [
        "aoim22d4",
        "GmIzr",
        "module",
        162
    ],
    "aoim2m11d1": [
        "aoim2m11d1",
        "uGM0h",
        "module",
        163
    ],
    "aoim2m11d2": [
        "aoim2m11d2",
        "hRdix",
        "module",
        164
    ],
    "aoim2m11d4": [
        "aoim2m11d4",
        "zT19x",
        "module",
        165
    ],
    "aoim311d1": [
        "aoim311d1",
        "ikxCn",
        "module",
        166
    ],
    "aoim311d2": [
        "aoim311d2",
        "zMJrm",
        "module",
        167
    ],
    "aoim311d4": [
        "aoim311d4",
        "JdthK",
        "module",
        168
    ],
    "aoim31d1": [
        "aoim31d1",
        "H7Vbu",
        "module",
        169
    ],
    "aoim31d2": [
        "aoim31d2",
        "yauix",
        "module",
        170
    ],
    "aoim31d4": [
        "aoim31d4",
        "f9z1P",
        "module",
        171
    ],
    "aoim3m11d1": [
        "aoim3m11d1",
        "EV2Qb",
        "module",
        172
    ],
    "aoim3m11d2": [
        "aoim3m11d2",
        "m1z1h",
        "module",
        173
    ],
    "aoim3m11d4": [
        "aoim3m11d4",
        "nz59g",
        "module",
        174
    ],
    "aon211d1": [
        "aon211d1",
        "tKjig",
        "module",
        175
    ],
    "aon211d2": [
        "aon211d2",
        "B5HCc",
        "module",
        176
    ],
    "aon211d4": [
        "aon211d4",
        "Ra3uK",
        "module",
        177
    ],
    "aor211d1": [
        "aor211d1",
        "xEgim",
        "module",
        178
    ],
    "aor211d2": [
        "aor211d2",
        "Ps1zq",
        "module",
        179
    ],
    "aor211d4": [
        "aor211d4",
        "GUuye",
        "module",
        180
    ],
    "aor21d1": [
        "aor21d1",
        "Regq6",
        "module",
        181
    ],
    "aor21d2": [
        "aor21d2",
        "MZMZF",
        "module",
        182
    ],
    "aor21d4": [
        "aor21d4",
        "VuqTD",
        "module",
        183
    ],
    "aor221d1": [
        "aor221d1",
        "gRmnD",
        "module",
        184
    ],
    "aor221d2": [
        "aor221d2",
        "nSIh7",
        "module",
        185
    ],
    "aor221d4": [
        "aor221d4",
        "eKTCn",
        "module",
        186
    ],
    "aor222d1": [
        "aor222d1",
        "IBngK",
        "module",
        187
    ],
    "aor222d2": [
        "aor222d2",
        "njKE3",
        "module",
        188
    ],
    "aor222d4": [
        "aor222d4",
        "qjhYY",
        "module",
        189
    ],
    "aor22d1": [
        "aor22d1",
        "nUpv8",
        "module",
        190
    ],
    "aor22d2": [
        "aor22d2",
        "xwwJ9",
        "module",
        191
    ],
    "aor22d4": [
        "aor22d4",
        "n3R4i",
        "module",
        192
    ],
    "aor311d1": [
        "aor311d1",
        "VGG7W",
        "module",
        193
    ],
    "aor311d2": [
        "aor311d2",
        "ZcD4u",
        "module",
        194
    ],
    "aor311d4": [
        "aor311d4",
        "CTD8V",
        "module",
        195
    ],
    "aor31d1": [
        "aor31d1",
        "s887d",
        "module",
        196
    ],
    "aor31d2": [
        "aor31d2",
        "FGCF6",
        "module",
        197
    ],
    "aor31d4": [
        "aor31d4",
        "jn7AQ",
        "module",
        198
    ],
    "bh01d1": [
        "bh01d1",
        "nrDQ0",
        "module",
        199
    ],
    "bufbd1": [
        "bufbd1",
        "TQQWj",
        "module",
        200
    ],
    "bufbd3": [
        "bufbd3",
        "mCHjT",
        "module",
        201
    ],
    "bufbd4": [
        "bufbd4",
        "ZkmP3",
        "module",
        202
    ],
    "bufbd7": [
        "bufbd7",
        "H7T9m",
        "module",
        203
    ],
    "bufbda": [
        "bufbda",
        "fimVm",
        "module",
        204
    ],
    "bufbdk": [
        "bufbdk",
        "UiLjG",
        "module",
        205
    ],
    "buffd2": [
        "buffd2",
        "L5BmA",
        "module",
        206
    ],
    "buffd3": [
        "buffd3",
        "scxjx",
        "module",
        207
    ],
    "buffd4": [
        "buffd4",
        "BfZCF",
        "module",
        208
    ],
    "buffd7": [
        "buffd7",
        "tS7b1",
        "module",
        209
    ],
    "buftd1": [
        "buftd1",
        "DrgYu",
        "module",
        210
    ],
    "buftd2": [
        "buftd2",
        "iuyZG",
        "module",
        211
    ],
    "buftd4": [
        "buftd4",
        "gttyZ",
        "module",
        212
    ],
    "buftd7": [
        "buftd7",
        "MRTca",
        "module",
        213
    ],
    "buftda": [
        "buftda",
        "g3j2k",
        "module",
        214
    ],
    "cg01d0": [
        "cg01d0",
        "VjcEr",
        "module",
        215
    ],
    "cg01d1": [
        "cg01d1",
        "UFDeS",
        "module",
        216
    ],
    "cg01d2": [
        "cg01d2",
        "Bfnfq",
        "module",
        217
    ],
    "cg01d4": [
        "cg01d4",
        "dSMnv",
        "module",
        218
    ],
    "clk2d2": [
        "clk2d2",
        "HcQTd",
        "module",
        219
    ],
    "cload1": [
        "cload1",
        "PA2Mz",
        "module",
        220
    ],
    "decfq1": [
        "decfq1",
        "k9g8U",
        "module",
        221
    ],
    "decfq2": [
        "decfq2",
        "jCB0k",
        "module",
        222
    ],
    "decfq4": [
        "decfq4",
        "SAsiz",
        "module",
        223
    ],
    "decrq1": [
        "decrq1",
        "EqMex",
        "module",
        224
    ],
    "decrq2": [
        "decrq2",
        "uxUZA",
        "module",
        225
    ],
    "decrq4": [
        "decrq4",
        "dNDDa",
        "module",
        226
    ],
    "denrq1": [
        "denrq1",
        "QvN4U",
        "module",
        227
    ],
    "denrq2": [
        "denrq2",
        "HcEHJ",
        "module",
        228
    ],
    "denrq4": [
        "denrq4",
        "SgbUh",
        "module",
        229
    ],
    "depfq1": [
        "depfq1",
        "wQJWQ",
        "module",
        230
    ],
    "depfq2": [
        "depfq2",
        "VaYmj",
        "module",
        231
    ],
    "depfq4": [
        "depfq4",
        "WWitA",
        "module",
        232
    ],
    "deprq1": [
        "deprq1",
        "WvYeT",
        "module",
        233
    ],
    "deprq2": [
        "deprq2",
        "egt35",
        "module",
        234
    ],
    "deprq4": [
        "deprq4",
        "Syp5T",
        "module",
        235
    ],
    "dfbfb1": [
        "dfbfb1",
        "qxBIF",
        "module",
        236
    ],
    "dfbfb2": [
        "dfbfb2",
        "S6c7L",
        "module",
        237
    ],
    "dfbfb4": [
        "dfbfb4",
        "Yyq4y",
        "module",
        238
    ],
    "dfbrb2": [
        "dfbrb2",
        "rkEdD",
        "module",
        239
    ],
    "dfbrb4": [
        "dfbrb4",
        "DnFzc",
        "module",
        240
    ],
    "dfcfb1": [
        "dfcfb1",
        "f5UI2",
        "module",
        241
    ],
    "dfcfb2": [
        "dfcfb2",
        "h3HS8",
        "module",
        242
    ],
    "dfcfb4": [
        "dfcfb4",
        "yqKKR",
        "module",
        243
    ],
    "dfcfq1": [
        "dfcfq1",
        "yHD9f",
        "module",
        244
    ],
    "dfcfq2": [
        "dfcfq2",
        "E4Puh",
        "module",
        245
    ],
    "dfcfq4": [
        "dfcfq4",
        "Y8e7Z",
        "module",
        246
    ],
    "dfcrb1": [
        "dfcrb1",
        "Y94E5",
        "module",
        247
    ],
    "dfcrb2": [
        "dfcrb2",
        "LESrc",
        "module",
        248
    ],
    "dfcrb4": [
        "dfcrb4",
        "E7rrr",
        "module",
        249
    ],
    "dfcrn1": [
        "dfcrn1",
        "GPZJN",
        "module",
        250
    ],
    "dfcrn2": [
        "dfcrn2",
        "SnRVR",
        "module",
        251
    ],
    "dfcrn4": [
        "dfcrn4",
        "PFxvz",
        "module",
        252
    ],
    "dfcrq1": [
        "dfcrq1",
        "CbzQc",
        "module",
        253
    ],
    "dfcrq2": [
        "dfcrq2",
        "DDAH0",
        "module",
        254
    ],
    "dfcrq4": [
        "dfcrq4",
        "HfvLV",
        "module",
        255
    ],
    "dfnfb1": [
        "dfnfb1",
        "ep6rI",
        "module",
        256
    ],
    "dfnfb2": [
        "dfnfb2",
        "GddBH",
        "module",
        257
    ],
    "dfnfb4": [
        "dfnfb4",
        "gzGb9",
        "module",
        258
    ],
    "dfnrb1": [
        "dfnrb1",
        "ILypu",
        "module",
        259
    ],
    "dfnrb2": [
        "dfnrb2",
        "CEqe7",
        "module",
        260
    ],
    "dfnrb4": [
        "dfnrb4",
        "daPyw",
        "module",
        261
    ],
    "dfnrn1": [
        "dfnrn1",
        "ySL2x",
        "module",
        262
    ],
    "dfnrn2": [
        "dfnrn2",
        "rJSyc",
        "module",
        263
    ],
    "dfnrn4": [
        "dfnrn4",
        "ZnHcs",
        "module",
        264
    ],
    "dfnrq1": [
        "dfnrq1",
        "hH9Up",
        "module",
        265
    ],
    "dfnrq2": [
        "dfnrq2",
        "guQjt",
        "module",
        266
    ],
    "dfnrq4": [
        "dfnrq4",
        "pEgYQ",
        "module",
        267
    ],
    "dfpfb1": [
        "dfpfb1",
        "iqqiK",
        "module",
        268
    ],
    "dfpfb2": [
        "dfpfb2",
        "x0TdS",
        "module",
        269
    ],
    "dfpfb4": [
        "dfpfb4",
        "SNFxI",
        "module",
        270
    ],
    "dfprb1": [
        "dfprb1",
        "tC6vG",
        "module",
        271
    ],
    "dfprb2": [
        "dfprb2",
        "iiI8W",
        "module",
        272
    ],
    "dfprb4": [
        "dfprb4",
        "PMdTU",
        "module",
        273
    ],
    "dl01d1": [
        "dl01d1",
        "GG9fB",
        "module",
        274
    ],
    "dl01d2": [
        "dl01d2",
        "F6gbd",
        "module",
        275
    ],
    "dl01d4": [
        "dl01d4",
        "yLrFS",
        "module",
        276
    ],
    "dl02d1": [
        "dl02d1",
        "AU4J1",
        "module",
        277
    ],
    "dl02d2": [
        "dl02d2",
        "fCvG6",
        "module",
        278
    ],
    "dl02d4": [
        "dl02d4",
        "ykt6e",
        "module",
        279
    ],
    "dl03d1": [
        "dl03d1",
        "DwAWp",
        "module",
        280
    ],
    "dl03d2": [
        "dl03d2",
        "wuPKh",
        "module",
        281
    ],
    "dl03d4": [
        "dl03d4",
        "zmfBZ",
        "module",
        282
    ],
    "dl04d1": [
        "dl04d1",
        "FLDfg",
        "module",
        283
    ],
    "dl04d2": [
        "dl04d2",
        "HwHLS",
        "module",
        284
    ],
    "dl04d4": [
        "dl04d4",
        "Fpmbq",
        "module",
        285
    ],
    "gclfsn1": [
        "gclfsn1",
        "VctfM",
        "module",
        286
    ],
    "gclfsn2": [
        "gclfsn2",
        "HZNbQ",
        "module",
        287
    ],
    "gclfsn4": [
        "gclfsn4",
        "fFcb4",
        "module",
        288
    ],
    "gclfsn7": [
        "gclfsn7",
        "b2dKa",
        "module",
        289
    ],
    "gclfsna": [
        "gclfsna",
        "CcZ4q",
        "module",
        290
    ],
    "gclrsn1": [
        "gclrsn1",
        "cUDr6",
        "module",
        291
    ],
    "gclrsn2": [
        "gclrsn2",
        "M5z1v",
        "module",
        292
    ],
    "gclrsn4": [
        "gclrsn4",
        "DFNbA",
        "module",
        293
    ],
    "gclrsn7": [
        "gclrsn7",
        "UrvYM",
        "module",
        294
    ],
    "gclrsna": [
        "gclrsna",
        "s4YWh",
        "module",
        295
    ],
    "gcnfnn1": [
        "gcnfnn1",
        "YRn2w",
        "module",
        296
    ],
    "gcnfnn2": [
        "gcnfnn2",
        "tgFni",
        "module",
        297
    ],
    "gcnfnn4": [
        "gcnfnn4",
        "KFWft",
        "module",
        298
    ],
    "gcnfnn7": [
        "gcnfnn7",
        "vM8pu",
        "module",
        299
    ],
    "gcnfnna": [
        "gcnfnna",
        "qxH4j",
        "module",
        300
    ],
    "gcnrnn1": [
        "gcnrnn1",
        "I0Tsd",
        "module",
        301
    ],
    "gcnrnn2": [
        "gcnrnn2",
        "Ja0HV",
        "module",
        302
    ],
    "gcnrnn4": [
        "gcnrnn4",
        "jW75B",
        "module",
        303
    ],
    "gcnrnn7": [
        "gcnrnn7",
        "b8xLB",
        "module",
        304
    ],
    "gcnrnna": [
        "gcnrnna",
        "rJkYB",
        "module",
        305
    ],
    "inv0d0": [
        "inv0d0",
        "tuQMg",
        "module",
        306
    ],
    "inv0d4": [
        "inv0d4",
        "QSKU1",
        "module",
        307
    ],
    "inv0da": [
        "inv0da",
        "c1EHx",
        "module",
        308
    ],
    "invbda": [
        "invbda",
        "djBzR",
        "module",
        309
    ],
    "invbdf": [
        "invbdf",
        "Bft1V",
        "module",
        310
    ],
    "invbdk": [
        "invbdk",
        "QhSS5",
        "module",
        311
    ],
    "invtda": [
        "invtda",
        "DJnZL",
        "module",
        312
    ],
    "jkbrb1": [
        "jkbrb1",
        "RDgdr",
        "module",
        313
    ],
    "jkbrb2": [
        "jkbrb2",
        "YSaF8",
        "module",
        314
    ],
    "jkbrb4": [
        "jkbrb4",
        "aZfzb",
        "module",
        315
    ],
    "labhb1": [
        "labhb1",
        "EKedH",
        "module",
        316
    ],
    "labhb2": [
        "labhb2",
        "DxJ2f",
        "module",
        317
    ],
    "labhb4": [
        "labhb4",
        "Grsxq",
        "module",
        318
    ],
    "lachq1": [
        "lachq1",
        "ZQwLp",
        "module",
        319
    ],
    "lachq2": [
        "lachq2",
        "Yigv7",
        "module",
        320
    ],
    "lachq4": [
        "lachq4",
        "yCie9",
        "module",
        321
    ],
    "laclq1": [
        "laclq1",
        "sIrpJ",
        "module",
        322
    ],
    "laclq2": [
        "laclq2",
        "sbYNC",
        "module",
        323
    ],
    "laclq4": [
        "laclq4",
        "HRPQJ",
        "module",
        324
    ],
    "lanhb1": [
        "lanhb1",
        "Ge4GG",
        "module",
        325
    ],
    "lanhb2": [
        "lanhb2",
        "AD59j",
        "module",
        326
    ],
    "lanhb4": [
        "lanhb4",
        "n4mSG",
        "module",
        327
    ],
    "lanhn1": [
        "lanhn1",
        "NyyH7",
        "module",
        328
    ],
    "lanhn2": [
        "lanhn2",
        "ndthI",
        "module",
        329
    ],
    "lanhn4": [
        "lanhn4",
        "QzLU4",
        "module",
        330
    ],
    "lanhq1": [
        "lanhq1",
        "TZ15y",
        "module",
        331
    ],
    "lanhq2": [
        "lanhq2",
        "BEEDM",
        "module",
        332
    ],
    "lanhq4": [
        "lanhq4",
        "CBKbD",
        "module",
        333
    ],
    "lanht1": [
        "lanht1",
        "C40fI",
        "module",
        334
    ],
    "lanht2": [
        "lanht2",
        "Fabqh",
        "module",
        335
    ],
    "lanht4": [
        "lanht4",
        "Kt6U5",
        "module",
        336
    ],
    "lanlb1": [
        "lanlb1",
        "Lekxe",
        "module",
        337
    ],
    "lanlb2": [
        "lanlb2",
        "SLy6w",
        "module",
        338
    ],
    "lanlb4": [
        "lanlb4",
        "JShRI",
        "module",
        339
    ],
    "lanln1": [
        "lanln1",
        "E05hB",
        "module",
        340
    ],
    "lanln2": [
        "lanln2",
        "e2dQ7",
        "module",
        341
    ],
    "lanln4": [
        "lanln4",
        "p77um",
        "module",
        342
    ],
    "lanlq1": [
        "lanlq1",
        "k3qGF",
        "module",
        343
    ],
    "lanlq2": [
        "lanlq2",
        "tJnaL",
        "module",
        344
    ],
    "lanlq4": [
        "lanlq4",
        "VGr5i",
        "module",
        345
    ],
    "mffnrb1": [
        "mffnrb1",
        "VWJ08",
        "module",
        346
    ],
    "mffnrb2": [
        "mffnrb2",
        "J5kfL",
        "module",
        347
    ],
    "mffnrb4": [
        "mffnrb4",
        "ttUGW",
        "module",
        348
    ],
    "mi02d0": [
        "mi02d0",
        "BR1NF",
        "module",
        349
    ],
    "mi02d1": [
        "mi02d1",
        "IK7wV",
        "module",
        350
    ],
    "mi02d2": [
        "mi02d2",
        "a4JTQ",
        "module",
        351
    ],
    "mi02d4": [
        "mi02d4",
        "D5YRZ",
        "module",
        352
    ],
    "mx02d0": [
        "mx02d0",
        "F2LA4",
        "module",
        353
    ],
    "mx02d1": [
        "mx02d1",
        "Ea9m4",
        "module",
        354
    ],
    "mx02d4": [
        "mx02d4",
        "crQLS",
        "module",
        355
    ],
    "mx04d0": [
        "mx04d0",
        "nGBVg",
        "module",
        356
    ],
    "mx04d1": [
        "mx04d1",
        "Zh9Df",
        "module",
        357
    ],
    "mx04d2": [
        "mx04d2",
        "CaAQR",
        "module",
        358
    ],
    "mx04d4": [
        "mx04d4",
        "atB80",
        "module",
        359
    ],
    "mx08d1": [
        "mx08d1",
        "vj8Ht",
        "module",
        360
    ],
    "mx08d2": [
        "mx08d2",
        "v4zbu",
        "module",
        361
    ],
    "mx08d4": [
        "mx08d4",
        "cKnkw",
        "module",
        362
    ],
    "nd02d0": [
        "nd02d0",
        "H5hYS",
        "module",
        363
    ],
    "nd02d1": [
        "nd02d1",
        "U0Ead",
        "module",
        364
    ],
    "nd02d4": [
        "nd02d4",
        "NvzpB",
        "module",
        365
    ],
    "nd02d7": [
        "nd02d7",
        "F8PwA",
        "module",
        366
    ],
    "nd02da": [
        "nd02da",
        "m17VD",
        "module",
        367
    ],
    "nd03d0": [
        "nd03d0",
        "KMSpQ",
        "module",
        368
    ],
    "nd03d1": [
        "nd03d1",
        "jcRRB",
        "module",
        369
    ],
    "nd03d2": [
        "nd03d2",
        "SM4Ic",
        "module",
        370
    ],
    "nd03d4": [
        "nd03d4",
        "sq3FH",
        "module",
        371
    ],
    "nd03d7": [
        "nd03d7",
        "x78fL",
        "module",
        372
    ],
    "nd03da": [
        "nd03da",
        "bmIYc",
        "module",
        373
    ],
    "nd04d0": [
        "nd04d0",
        "icqkt",
        "module",
        374
    ],
    "nd04d1": [
        "nd04d1",
        "sfnVf",
        "module",
        375
    ],
    "nd04d2": [
        "nd04d2",
        "pePIq",
        "module",
        376
    ],
    "nd04d4": [
        "nd04d4",
        "RaA0N",
        "module",
        377
    ],
    "nd04d7": [
        "nd04d7",
        "CeW9j",
        "module",
        378
    ],
    "nd04da": [
        "nd04da",
        "abuF5",
        "module",
        379
    ],
    "nd12d0": [
        "nd12d0",
        "xMsL3",
        "module",
        380
    ],
    "nd12d1": [
        "nd12d1",
        "Mc0SY",
        "module",
        381
    ],
    "nd12d2": [
        "nd12d2",
        "tbtn5",
        "module",
        382
    ],
    "nd12d4": [
        "nd12d4",
        "ZSS1Y",
        "module",
        383
    ],
    "nd13d1": [
        "nd13d1",
        "NsCHU",
        "module",
        384
    ],
    "nd13d2": [
        "nd13d2",
        "SVcHN",
        "module",
        385
    ],
    "nd13d4": [
        "nd13d4",
        "zDrm0",
        "module",
        386
    ],
    "nd23d1": [
        "nd23d1",
        "Z1Yj7",
        "module",
        387
    ],
    "nd23d2": [
        "nd23d2",
        "HKLKj",
        "module",
        388
    ],
    "nd23d4": [
        "nd23d4",
        "q704t",
        "module",
        389
    ],
    "nr02d0": [
        "nr02d0",
        "VVDnJ",
        "module",
        390
    ],
    "nr02d1": [
        "nr02d1",
        "QUuNc",
        "module",
        391
    ],
    "nr02d4": [
        "nr02d4",
        "ZKq0R",
        "module",
        392
    ],
    "nr02d7": [
        "nr02d7",
        "KwuHq",
        "module",
        393
    ],
    "nr02da": [
        "nr02da",
        "bn8Ki",
        "module",
        394
    ],
    "nr03d0": [
        "nr03d0",
        "zE4Qg",
        "module",
        395
    ],
    "nr03d1": [
        "nr03d1",
        "Em9GK",
        "module",
        396
    ],
    "nr03d2": [
        "nr03d2",
        "v7MhJ",
        "module",
        397
    ],
    "nr03d4": [
        "nr03d4",
        "iep98",
        "module",
        398
    ],
    "nr03d7": [
        "nr03d7",
        "mp3iU",
        "module",
        399
    ],
    "nr03da": [
        "nr03da",
        "mTVe7",
        "module",
        400
    ],
    "nr04d0": [
        "nr04d0",
        "ehuT4",
        "module",
        401
    ],
    "nr04d1": [
        "nr04d1",
        "t9iiP",
        "module",
        402
    ],
    "nr04d2": [
        "nr04d2",
        "LkzhJ",
        "module",
        403
    ],
    "nr04d4": [
        "nr04d4",
        "fS7nN",
        "module",
        404
    ],
    "nr04d7": [
        "nr04d7",
        "JEDLx",
        "module",
        405
    ],
    "nr04da": [
        "nr04da",
        "TQ1nD",
        "module",
        406
    ],
    "nr13d1": [
        "nr13d1",
        "S1YYq",
        "module",
        407
    ],
    "nr13d2": [
        "nr13d2",
        "Qd6Sp",
        "module",
        408
    ],
    "nr13d4": [
        "nr13d4",
        "RkEk7",
        "module",
        409
    ],
    "nr23d1": [
        "nr23d1",
        "RbJpb",
        "module",
        410
    ],
    "nr23d2": [
        "nr23d2",
        "fncQp",
        "module",
        411
    ],
    "nr23d4": [
        "nr23d4",
        "pFpMg",
        "module",
        412
    ],
    "oai211d1": [
        "oai211d1",
        "vBISv",
        "module",
        413
    ],
    "oai211d2": [
        "oai211d2",
        "VvvAy",
        "module",
        414
    ],
    "oai211d4": [
        "oai211d4",
        "LhrVu",
        "module",
        415
    ],
    "oai21d1": [
        "oai21d1",
        "FJuUZ",
        "module",
        416
    ],
    "oai21d2": [
        "oai21d2",
        "pDI1A",
        "module",
        417
    ],
    "oai21d4": [
        "oai21d4",
        "ujTZt",
        "module",
        418
    ],
    "oai221d1": [
        "oai221d1",
        "k5uNc",
        "module",
        419
    ],
    "oai221d2": [
        "oai221d2",
        "xZ39v",
        "module",
        420
    ],
    "oai221d4": [
        "oai221d4",
        "P1LNc",
        "module",
        421
    ],
    "oai2222d1": [
        "oai2222d1",
        "MCF3e",
        "module",
        422
    ],
    "oai2222d2": [
        "oai2222d2",
        "Nvn4x",
        "module",
        423
    ],
    "oai2222d4": [
        "oai2222d4",
        "tZjhV",
        "module",
        424
    ],
    "oai222d1": [
        "oai222d1",
        "tfk2P",
        "module",
        425
    ],
    "oai222d2": [
        "oai222d2",
        "IpY14",
        "module",
        426
    ],
    "oai222d4": [
        "oai222d4",
        "xZ9KE",
        "module",
        427
    ],
    "oai22d1": [
        "oai22d1",
        "u2IvN",
        "module",
        428
    ],
    "oai22d2": [
        "oai22d2",
        "nqq4U",
        "module",
        429
    ],
    "oai22d4": [
        "oai22d4",
        "reN3A",
        "module",
        430
    ],
    "oai311d1": [
        "oai311d1",
        "d0zII",
        "module",
        431
    ],
    "oai311d2": [
        "oai311d2",
        "hL5Hm",
        "module",
        432
    ],
    "oai311d4": [
        "oai311d4",
        "Nai31",
        "module",
        433
    ],
    "oai31d1": [
        "oai31d1",
        "kKHAV",
        "module",
        434
    ],
    "oai31d2": [
        "oai31d2",
        "xgPqi",
        "module",
        435
    ],
    "oai31d4": [
        "oai31d4",
        "Lww1J",
        "module",
        436
    ],
    "oai321d1": [
        "oai321d1",
        "MVqzL",
        "module",
        437
    ],
    "oai321d2": [
        "oai321d2",
        "BDJmD",
        "module",
        438
    ],
    "oai321d4": [
        "oai321d4",
        "IKC9S",
        "module",
        439
    ],
    "oai322d1": [
        "oai322d1",
        "UyUJH",
        "module",
        440
    ],
    "oai322d2": [
        "oai322d2",
        "g2eSe",
        "module",
        441
    ],
    "oai322d4": [
        "oai322d4",
        "ji0F4",
        "module",
        442
    ],
    "oaim211d1": [
        "oaim211d1",
        "LjAeR",
        "module",
        443
    ],
    "oaim211d2": [
        "oaim211d2",
        "RRri7",
        "module",
        444
    ],
    "oaim211d4": [
        "oaim211d4",
        "fasfz",
        "module",
        445
    ],
    "oaim21d1": [
        "oaim21d1",
        "YWQuf",
        "module",
        446
    ],
    "oaim21d2": [
        "oaim21d2",
        "cHEU9",
        "module",
        447
    ],
    "oaim21d4": [
        "oaim21d4",
        "b6jbN",
        "module",
        448
    ],
    "oaim22d1": [
        "oaim22d1",
        "GjLrg",
        "module",
        449
    ],
    "oaim22d2": [
        "oaim22d2",
        "Rn1we",
        "module",
        450
    ],
    "oaim22d4": [
        "oaim22d4",
        "M1vCb",
        "module",
        451
    ],
    "oaim2m11d1": [
        "oaim2m11d1",
        "qbkNM",
        "module",
        452
    ],
    "oaim2m11d2": [
        "oaim2m11d2",
        "UM80a",
        "module",
        453
    ],
    "oaim2m11d4": [
        "oaim2m11d4",
        "N0mBy",
        "module",
        454
    ],
    "oaim311d1": [
        "oaim311d1",
        "CpVhM",
        "module",
        455
    ],
    "oaim311d2": [
        "oaim311d2",
        "D8F8N",
        "module",
        456
    ],
    "oaim311d4": [
        "oaim311d4",
        "FK1AJ",
        "module",
        457
    ],
    "oaim31d1": [
        "oaim31d1",
        "YbSrc",
        "module",
        458
    ],
    "oaim31d2": [
        "oaim31d2",
        "iUK7B",
        "module",
        459
    ],
    "oaim31d4": [
        "oaim31d4",
        "MafBe",
        "module",
        460
    ],
    "oaim3m11d1": [
        "oaim3m11d1",
        "PZapn",
        "module",
        461
    ],
    "oaim3m11d2": [
        "oaim3m11d2",
        "uipKv",
        "module",
        462
    ],
    "oaim3m11d4": [
        "oaim3m11d4",
        "iu3xh",
        "module",
        463
    ],
    "oan211d1": [
        "oan211d1",
        "x3cFF",
        "module",
        464
    ],
    "oan211d2": [
        "oan211d2",
        "MPLF1",
        "module",
        465
    ],
    "oan211d4": [
        "oan211d4",
        "uq0UT",
        "module",
        466
    ],
    "or02d0": [
        "or02d0",
        "YkpiY",
        "module",
        467
    ],
    "or02d1": [
        "or02d1",
        "Z384U",
        "module",
        468
    ],
    "or02d4": [
        "or02d4",
        "LEsCC",
        "module",
        469
    ],
    "or02d7": [
        "or02d7",
        "dfT3n",
        "module",
        470
    ],
    "or02da": [
        "or02da",
        "zgadP",
        "module",
        471
    ],
    "or03d0": [
        "or03d0",
        "ZEhxp",
        "module",
        472
    ],
    "or03d1": [
        "or03d1",
        "ZA5tx",
        "module",
        473
    ],
    "or03d2": [
        "or03d2",
        "TFMKe",
        "module",
        474
    ],
    "or03d4": [
        "or03d4",
        "Wc4p5",
        "module",
        475
    ],
    "or03d7": [
        "or03d7",
        "PU0Z9",
        "module",
        476
    ],
    "or03da": [
        "or03da",
        "DBqV6",
        "module",
        477
    ],
    "or04d0": [
        "or04d0",
        "MWcfU",
        "module",
        478
    ],
    "or04d1": [
        "or04d1",
        "DREAi",
        "module",
        479
    ],
    "or04d2": [
        "or04d2",
        "twF8q",
        "module",
        480
    ],
    "or04d4": [
        "or04d4",
        "bArt4",
        "module",
        481
    ],
    "or04d7": [
        "or04d7",
        "B4y2M",
        "module",
        482
    ],
    "or04da": [
        "or04da",
        "SDJ58",
        "module",
        483
    ],
    "ora211d1": [
        "ora211d1",
        "FGszV",
        "module",
        484
    ],
    "ora211d2": [
        "ora211d2",
        "C3GFf",
        "module",
        485
    ],
    "ora211d4": [
        "ora211d4",
        "UgdBd",
        "module",
        486
    ],
    "ora21d1": [
        "ora21d1",
        "I8F1J",
        "module",
        487
    ],
    "ora21d2": [
        "ora21d2",
        "CqMBL",
        "module",
        488
    ],
    "ora21d4": [
        "ora21d4",
        "u0wub",
        "module",
        489
    ],
    "ora311d1": [
        "ora311d1",
        "z88zc",
        "module",
        490
    ],
    "ora311d2": [
        "ora311d2",
        "mS10Q",
        "module",
        491
    ],
    "ora311d4": [
        "ora311d4",
        "N5Rgh",
        "module",
        492
    ],
    "ora31d1": [
        "ora31d1",
        "HBqs3",
        "module",
        493
    ],
    "ora31d2": [
        "ora31d2",
        "RDuGP",
        "module",
        494
    ],
    "ora31d4": [
        "ora31d4",
        "V58E8",
        "module",
        495
    ],
    "sdbfb1": [
        "sdbfb1",
        "DmtiP",
        "module",
        496
    ],
    "sdbfb2": [
        "sdbfb2",
        "cdyqD",
        "module",
        497
    ],
    "sdbfb4": [
        "sdbfb4",
        "RrCuy",
        "module",
        498
    ],
    "sdbrb1": [
        "sdbrb1",
        "KExys",
        "module",
        499
    ],
    "sdbrb2": [
        "sdbrb2",
        "Cb1hT",
        "module",
        500
    ],
    "sdbrb4": [
        "sdbrb4",
        "pw1VP",
        "module",
        501
    ],
    "sdcfb1": [
        "sdcfb1",
        "Ha8CS",
        "module",
        502
    ],
    "sdcfb2": [
        "sdcfb2",
        "YrmjC",
        "module",
        503
    ],
    "sdcfb4": [
        "sdcfb4",
        "JfKu5",
        "module",
        504
    ],
    "sdcfq1": [
        "sdcfq1",
        "Brc16",
        "module",
        505
    ],
    "sdcfq2": [
        "sdcfq2",
        "eM0WA",
        "module",
        506
    ],
    "sdcfq4": [
        "sdcfq4",
        "Wz5b8",
        "module",
        507
    ],
    "sdcrb1": [
        "sdcrb1",
        "uYSCZ",
        "module",
        508
    ],
    "sdcrb2": [
        "sdcrb2",
        "HMZHu",
        "module",
        509
    ],
    "sdcrb4": [
        "sdcrb4",
        "Q2WRs",
        "module",
        510
    ],
    "sdcrn1": [
        "sdcrn1",
        "Sz95r",
        "module",
        511
    ],
    "sdcrn2": [
        "sdcrn2",
        "gDGsm",
        "module",
        512
    ],
    "sdcrn4": [
        "sdcrn4",
        "wPBae",
        "module",
        513
    ],
    "sdcrq1": [
        "sdcrq1",
        "zx97E",
        "module",
        514
    ],
    "sdcrq2": [
        "sdcrq2",
        "zJgUK",
        "module",
        515
    ],
    "sdcrq4": [
        "sdcrq4",
        "Z2CcA",
        "module",
        516
    ],
    "sdnfb1": [
        "sdnfb1",
        "wNGet",
        "module",
        517
    ],
    "sdnfb2": [
        "sdnfb2",
        "DrvKF",
        "module",
        518
    ],
    "sdnfb4": [
        "sdnfb4",
        "pK8vB",
        "module",
        519
    ],
    "sdnrb1": [
        "sdnrb1",
        "B4h0a",
        "module",
        520
    ],
    "sdnrb2": [
        "sdnrb2",
        "z8JWC",
        "module",
        521
    ],
    "sdnrb4": [
        "sdnrb4",
        "ayFY0",
        "module",
        522
    ],
    "sdnrn1": [
        "sdnrn1",
        "W6c04",
        "module",
        523
    ],
    "sdnrn2": [
        "sdnrn2",
        "RUk96",
        "module",
        524
    ],
    "sdnrn4": [
        "sdnrn4",
        "LNzqC",
        "module",
        525
    ],
    "sdnrq1": [
        "sdnrq1",
        "E7A90",
        "module",
        526
    ],
    "sdnrq2": [
        "sdnrq2",
        "TsBBD",
        "module",
        527
    ],
    "sdnrq4": [
        "sdnrq4",
        "ZPRIs",
        "module",
        528
    ],
    "sdpfb1": [
        "sdpfb1",
        "PIsnL",
        "module",
        529
    ],
    "sdpfb2": [
        "sdpfb2",
        "mGzEH",
        "module",
        530
    ],
    "sdpfb4": [
        "sdpfb4",
        "SNd0L",
        "module",
        531
    ],
    "sdprb1": [
        "sdprb1",
        "zyGhV",
        "module",
        532
    ],
    "sdprb2": [
        "sdprb2",
        "rd3iW",
        "module",
        533
    ],
    "sdprb4": [
        "sdprb4",
        "whxjD",
        "module",
        534
    ],
    "secfq1": [
        "secfq1",
        "vyvEJ",
        "module",
        535
    ],
    "secfq2": [
        "secfq2",
        "vpyNs",
        "module",
        536
    ],
    "secfq4": [
        "secfq4",
        "NPuqa",
        "module",
        537
    ],
    "secrq1": [
        "secrq1",
        "MZheq",
        "module",
        538
    ],
    "secrq2": [
        "secrq2",
        "g9rzi",
        "module",
        539
    ],
    "secrq4": [
        "secrq4",
        "ygysp",
        "module",
        540
    ],
    "senrb1": [
        "senrb1",
        "GdWWQ",
        "module",
        541
    ],
    "senrb2": [
        "senrb2",
        "ZH00h",
        "module",
        542
    ],
    "senrb4": [
        "senrb4",
        "Ckn0e",
        "module",
        543
    ],
    "senrq1": [
        "senrq1",
        "LfnhI",
        "module",
        544
    ],
    "senrq2": [
        "senrq2",
        "CuFN1",
        "module",
        545
    ],
    "senrq4": [
        "senrq4",
        "TciQR",
        "module",
        546
    ],
    "sepfq1": [
        "sepfq1",
        "dvHnb",
        "module",
        547
    ],
    "sepfq2": [
        "sepfq2",
        "EWPPn",
        "module",
        548
    ],
    "sepfq4": [
        "sepfq4",
        "dYhEE",
        "module",
        549
    ],
    "seprq1": [
        "seprq1",
        "LTkyP",
        "module",
        550
    ],
    "seprq2": [
        "seprq2",
        "fbfUr",
        "module",
        551
    ],
    "seprq4": [
        "seprq4",
        "m9crZ",
        "module",
        552
    ],
    "skbrb1": [
        "skbrb1",
        "Mnzd2",
        "module",
        553
    ],
    "skbrb2": [
        "skbrb2",
        "tLDdB",
        "module",
        554
    ],
    "skbrb4": [
        "skbrb4",
        "AWqYV",
        "module",
        555
    ],
    "slbhb1": [
        "slbhb1",
        "UTYWk",
        "module",
        556
    ],
    "slbhb2": [
        "slbhb2",
        "sEWK8",
        "module",
        557
    ],
    "slbhb4": [
        "slbhb4",
        "E9NxR",
        "module",
        558
    ],
    "slchq1": [
        "slchq1",
        "PJgV5",
        "module",
        559
    ],
    "slchq2": [
        "slchq2",
        "vewsr",
        "module",
        560
    ],
    "slchq4": [
        "slchq4",
        "k5Fk7",
        "module",
        561
    ],
    "slclq1": [
        "slclq1",
        "YcAxR",
        "module",
        562
    ],
    "slclq2": [
        "slclq2",
        "PwZaW",
        "module",
        563
    ],
    "slclq4": [
        "slclq4",
        "bVdhY",
        "module",
        564
    ],
    "slnhb1": [
        "slnhb1",
        "VDmKs",
        "module",
        565
    ],
    "slnhb2": [
        "slnhb2",
        "SeWAE",
        "module",
        566
    ],
    "slnhb4": [
        "slnhb4",
        "iFdiV",
        "module",
        567
    ],
    "slnhn1": [
        "slnhn1",
        "a4ukg",
        "module",
        568
    ],
    "slnhn2": [
        "slnhn2",
        "Lb0mv",
        "module",
        569
    ],
    "slnhn4": [
        "slnhn4",
        "IBKN7",
        "module",
        570
    ],
    "slnhq1": [
        "slnhq1",
        "DuSFB",
        "module",
        571
    ],
    "slnhq2": [
        "slnhq2",
        "cndeh",
        "module",
        572
    ],
    "slnhq4": [
        "slnhq4",
        "SsR2P",
        "module",
        573
    ],
    "slnht1": [
        "slnht1",
        "YArwt",
        "module",
        574
    ],
    "slnht2": [
        "slnht2",
        "hA59G",
        "module",
        575
    ],
    "slnht4": [
        "slnht4",
        "Dv0RN",
        "module",
        576
    ],
    "slnlb1": [
        "slnlb1",
        "h6dBj",
        "module",
        577
    ],
    "slnlb2": [
        "slnlb2",
        "uYkcK",
        "module",
        578
    ],
    "slnlb4": [
        "slnlb4",
        "dq2BA",
        "module",
        579
    ],
    "slnln1": [
        "slnln1",
        "h5S1V",
        "module",
        580
    ],
    "slnln2": [
        "slnln2",
        "fESri",
        "module",
        581
    ],
    "slnln4": [
        "slnln4",
        "ZYnm0",
        "module",
        582
    ],
    "slnlq1": [
        "slnlq1",
        "dYNVw",
        "module",
        583
    ],
    "slnlq2": [
        "slnlq2",
        "Bkemg",
        "module",
        584
    ],
    "slnlq4": [
        "slnlq4",
        "F5v62",
        "module",
        585
    ],
    "srlab1": [
        "srlab1",
        "P0tht",
        "module",
        586
    ],
    "srlab2": [
        "srlab2",
        "idvbI",
        "module",
        587
    ],
    "srlab4": [
        "srlab4",
        "gsmkr",
        "module",
        588
    ],
    "su01d0": [
        "su01d0",
        "ZGdUi",
        "module",
        589
    ],
    "su01d1": [
        "su01d1",
        "q4cZP",
        "module",
        590
    ],
    "su01d2": [
        "su01d2",
        "LGTtJ",
        "module",
        591
    ],
    "su01d4": [
        "su01d4",
        "Id26q",
        "module",
        592
    ],
    "xn02d1": [
        "xn02d1",
        "xIZeD",
        "module",
        593
    ],
    "xn02d2": [
        "xn02d2",
        "Sngvk",
        "module",
        594
    ],
    "xn02d4": [
        "xn02d4",
        "aapfS",
        "module",
        595
    ],
    "xn02d7": [
        "xn02d7",
        "Wxs0L",
        "module",
        596
    ],
    "xn02da": [
        "xn02da",
        "cwgbE",
        "module",
        597
    ],
    "xr02d1": [
        "xr02d1",
        "RnsJP",
        "module",
        598
    ],
    "xr02d2": [
        "xr02d2",
        "NPZs9",
        "module",
        599
    ],
    "xr02d4": [
        "xr02d4",
        "y6hQS",
        "module",
        600
    ],
    "xr02d7": [
        "xr02d7",
        "IZz5S",
        "module",
        601
    ],
    "xr02da": [
        "xr02da",
        "ne3pQ",
        "module",
        602
    ],
    "xr03d1": [
        "xr03d1",
        "TCj56",
        "module",
        603
    ],
    "xr03d2": [
        "xr03d2",
        "wzbgt",
        "module",
        604
    ],
    "xr03d4": [
        "xr03d4",
        "NmTbW",
        "module",
        605
    ],
    "xr03d7": [
        "xr03d7",
        "gEzgq",
        "module",
        606
    ],
    "xr03da": [
        "xr03da",
        "LSyGH",
        "module",
        607
    ],
    "dummy_scl180_conb_1": [
        "dummy_scl180_conb_1",
        "VjBq2",
        "module",
        608
    ],
    "delay_stage": [
        "delay_stage",
        "P6919",
        "module",
        609
    ],
    "user_id_programming_0000": [
        "user_id_programming_0000",
        "L9Gt7",
        "module",
        610
    ],
    "chip_io": [
        "chip_io",
        "cdmjW",
        "module",
        611
    ],
    "housekeeping_spi": [
        "housekeeping_spi",
        "ZzT3Y",
        "module",
        612
    ],
    "housekeeping_0000": [
        "housekeeping_0000",
        "zZGur",
        "module",
        613
    ],
    "mgmt_protect": [
        "mgmt_protect",
        "ubgDW",
        "module",
        614
    ],
    "constant_block": [
        "constant_block",
        "K1Kn0",
        "module",
        615
    ],
    "gpio_control_block": [
        "gpio_control_block",
        "U31CN",
        "module",
        616
    ],
    "gpio_defaults_block_0000": [
        "gpio_defaults_block_0000",
        "a9CF8",
        "module",
        617
    ],
    "gpio_signal_buffering": [
        "gpio_signal_buffering",
        "rh9Gm",
        "module",
        618
    ],
    "xres_buf": [
        "xres_buf",
        "UFUqY",
        "module",
        619
    ],
    "RAM256_0000": [
        "RAM256_0000",
        "m1Rzf",
        "module",
        620
    ],
    "VexRiscv": [
        "VexRiscv",
        "Ey7ir",
        "module",
        621
    ],
    "InstructionCache": [
        "InstructionCache",
        "y15By",
        "module",
        622
    ],
    "mgmt_core_wrapper": [
        "mgmt_core_wrapper",
        "SzZk1",
        "module",
        623
    ],
    "mprj_io_buffer": [
        "mprj_io_buffer",
        "ZH6eT",
        "module",
        624
    ],
    "spiflash": [
        "spiflash",
        "CJhmV",
        "module",
        625
    ],
    "gpio_tb": [
        "gpio_tb",
        "rPcTw",
        "module",
        626
    ],
    "...MASTER...": [
        "SIM",
        "amcQw",
        "module",
        627
    ],
    "U_LD_P_SB_RB_QN_NO": [
        "U_LD_P_SB_RB_QN_NO",
        "DtgyT",
        "udp",
        628
    ],
    "U_ADDR2_C": [
        "U_ADDR2_C",
        "Nginy",
        "udp",
        629
    ],
    "U_ADDR2_S": [
        "U_ADDR2_S",
        "QRIPd",
        "udp",
        630
    ],
    "U_AO3": [
        "U_AO3",
        "iJuDZ",
        "udp",
        631
    ],
    "U_FD_N_NO": [
        "U_FD_N_NO",
        "aLBRD",
        "udp",
        632
    ],
    "U_FD_N_RB_NO": [
        "U_FD_N_RB_NO",
        "V7WvH",
        "udp",
        633
    ],
    "U_FD_N_RB_SB_NO": [
        "U_FD_N_RB_SB_NO",
        "yz1uR",
        "udp",
        634
    ],
    "U_FD_N_R_S_NO_QN": [
        "U_FD_N_R_S_NO_QN",
        "FqLFq",
        "udp",
        635
    ],
    "U_FD_N_SB_NO": [
        "U_FD_N_SB_NO",
        "RUKVA",
        "udp",
        636
    ],
    "U_FD_P_NO": [
        "U_FD_P_NO",
        "KME4Y",
        "udp",
        637
    ],
    "U_FD_P_RB_NO": [
        "U_FD_P_RB_NO",
        "afYMY",
        "udp",
        638
    ],
    "U_FD_P_RB_SB_NO": [
        "U_FD_P_RB_SB_NO",
        "fsCp2",
        "udp",
        639
    ],
    "U_FD_P_SB_NO": [
        "U_FD_P_SB_NO",
        "USMy8",
        "udp",
        640
    ],
    "U_LD_N_NO": [
        "U_LD_N_NO",
        "qwM0m",
        "udp",
        641
    ],
    "U_LD_P_NO": [
        "U_LD_P_NO",
        "h5bqa",
        "udp",
        642
    ],
    "U_LD_P_RB_NO": [
        "U_LD_P_RB_NO",
        "Gdmn6",
        "udp",
        643
    ],
    "U_LD_P_SB_RB_NO": [
        "U_LD_P_SB_RB_NO",
        "U6qjI",
        "udp",
        644
    ],
    "U_MUX_2_1": [
        "U_MUX_2_1",
        "K79QG",
        "udp",
        645
    ],
    "U_MUX_2_1_INV": [
        "U_MUX_2_1_INV",
        "wIL7Z",
        "udp",
        646
    ],
    "U_MUX_4_2": [
        "U_MUX_4_2",
        "dUm5G",
        "udp",
        647
    ],
    "U_SUB2_C": [
        "U_SUB2_C",
        "uQKHy",
        "udp",
        648
    ],
    "U_SUB2_D": [
        "U_SUB2_D",
        "dxA5k",
        "udp",
        649
    ],
    "U_FD_EN_P_NO": [
        "U_FD_EN_P_NO",
        "U9Crq",
        "udp",
        650
    ],
    "U_FD_EN_N_RB_NO": [
        "U_FD_EN_N_RB_NO",
        "eLUxc",
        "udp",
        651
    ],
    "U_FD_EN_P_RB_NO": [
        "U_FD_EN_P_RB_NO",
        "Tcvek",
        "udp",
        652
    ],
    "U_FD_EN_N_SB_NO": [
        "U_FD_EN_N_SB_NO",
        "i0psV",
        "udp",
        653
    ],
    "U_FD_EN_P_SB_NO": [
        "U_FD_EN_P_SB_NO",
        "TB6Ix",
        "udp",
        654
    ],
    "U_FD_SC_EN_P_NO": [
        "U_FD_SC_EN_P_NO",
        "PSwnp",
        "udp",
        655
    ],
    "U_FD_SC_EN_P_RB_NO": [
        "U_FD_SC_EN_P_RB_NO",
        "f0xYg",
        "udp",
        656
    ],
    "U_FD_SC_EN_P_SB_NO": [
        "U_FD_SC_EN_P_SB_NO",
        "tw5vQ",
        "udp",
        657
    ],
    "U_L_SB_RB_NO": [
        "U_L_SB_RB_NO",
        "ymc5r",
        "udp",
        658
    ],
    "U_L_SB_RB_QN_NO": [
        "U_L_SB_RB_QN_NO",
        "AENcr",
        "udp",
        659
    ]
}